pytesseract_predicted_result,paddleocr_ocr_predicted_result,trocr_predicted_result,filename
219,249,249,2024-09-02-1521-INSIDE-1_crop_1.jpg
2,,240,2024-09-02-1521-INSIDE-1_crop_2.jpg
205256,2052544,,2024-09-02-1521-INSIDE-1_crop_4.jpg
133,133,133,2024-09-02-1521-INSIDE-2 (2)_crop_2.jpg
412,412,412,2024-09-02-1521-INSIDE-2 (2)_crop_3.jpg
412,412,412,2024-09-02-1521-INSIDE-2 (2)_crop_4.jpg
,,60,2024-09-02-1521-INSIDE-2 (2)_crop_5.jpg
42,412,412,2024-09-02-1521-INSIDE-2_crop_3.jpg
315,319,319,2024-09-02-1521-INSIDE-2_crop_4.jpg
,,,2024-09-02-1521-INSIDE-2_crop_6.jpg
22,1772,72,2024-09-02-1521-INSIDE-3_crop_3.jpg
7,,162,2024-09-02-1521-INSIDE-3_crop_4.jpg
47,,172,2024-09-02-1521-INSIDE-3_crop_5.jpg
2,,2,2024-09-02-1521-INSIDE-3_crop_6.jpg
509,509,509,2024-09-02-1521-INSIDE-3_crop_7.jpg
,,,2024-09-02-1521-INSIDE-3_crop_8.jpg
,,690,2024-09-02-1521-INSIDE-3_crop_9.jpg
380,380,380,2024-09-02-1521-INSIDE-4 (2)_crop_2.jpg
182,182,182,2024-09-02-1521-INSIDE-4 (2)_crop_3.jpg
,182,182,2024-09-02-1521-INSIDE-4 (2)_crop_4.jpg
38,38,38,2024-09-02-1521-INSIDE-4 (2)_crop_5.jpg
21,21,21,2024-09-02-1521-INSIDE-4_crop_10.jpg
21,21,21,2024-09-02-1521-INSIDE-4_crop_4.jpg
264,264,264,2024-09-02-1521-INSIDE-4_crop_5.jpg
354,54,354,2024-09-02-1521-INSIDE-4_crop_6.jpg
261,361,361,2024-09-02-1521-INSIDE-4_crop_7.jpg
3,,,2024-09-02-1521-INSIDE-4_crop_8.jpg
1361,361,361,2024-09-02-1521-INSIDE-4_crop_9.jpg
239,289,289,2024-09-02-1521-INSIDE-6 (2)_crop_10.jpg
239,687,289,2024-09-02-1521-INSIDE-6 (2)_crop_11.jpg
10,10,210,2024-09-02-1521-INSIDE-6 (2)_crop_12.jpg
541,541,541,2024-09-02-1521-INSIDE-6 (2)_crop_13.jpg
626,62,626,2024-09-02-1521-INSIDE-6 (2)_crop_14.jpg
71,471,471,2024-09-02-1521-INSIDE-6 (2)_crop_15.jpg
,,,2024-09-02-1521-INSIDE-6 (2)_crop_16.jpg
541,501,501,2024-09-02-1521-INSIDE-6 (2)_crop_17.jpg
26,,26,2024-09-02-1521-INSIDE-6 (2)_crop_18.jpg
,,,2024-09-02-1521-INSIDE-6 (2)_crop_19.jpg
,,099,2024-09-02-1521-INSIDE-6 (2)_crop_20.jpg
104,906,706,2024-09-02-1521-INSIDE-6 (2)_crop_22.jpg
706,,706,2024-09-02-1521-INSIDE-6 (2)_crop_23.jpg
74,,210,2024-09-02-1521-INSIDE-6 (2)_crop_3.jpg
266,,256,2024-09-02-1521-INSIDE-6 (2)_crop_8.jpg
268,268,268,2024-09-02-1521-INSIDE-6 (2)_crop_9.jpg
4,,01,2024-09-02-1521-INSIDE-6 (3)_crop_11.jpg
20,20,20,2024-09-02-1521-INSIDE-6 (3)_crop_12.jpg
24,,,2024-09-02-1521-INSIDE-6 (3)_crop_13.jpg
1,01,01,2024-09-02-1521-INSIDE-6 (3)_crop_14.jpg
24,734,224,2024-09-02-1521-INSIDE-6 (3)_crop_15.jpg
526,526,626,2024-09-02-1521-INSIDE-6 (3)_crop_16.jpg
,,26,2024-09-02-1521-INSIDE-6 (3)_crop_17.jpg
76,,706,2024-09-02-1521-INSIDE-6 (3)_crop_18.jpg
45,,796,2024-09-02-1521-INSIDE-6 (3)_crop_19.jpg
4,,01,2024-09-02-1521-INSIDE-6 (3)_crop_23.jpg
06,706,706,2024-09-02-1521-INSIDE-6 (3)_crop_6.jpg
,,214,2024-09-02-1521-INSIDE-6 (3)_crop_7.jpg
20,20,20,2024-09-02-1521-INSIDE-6 (3)_crop_8.jpg
,,621,2024-09-02-1521-INSIDE-6 (3)_crop_9.jpg
,,17,2024-09-02-1521-INSIDE-6_crop_10.jpg
600,60,600,2024-09-02-1521-INSIDE-6_crop_11.jpg
47,,347,2024-09-02-1521-INSIDE-6_crop_12.jpg
,17,17,2024-09-02-1521-INSIDE-6_crop_13.jpg
5,591,591,2024-09-02-1521-INSIDE-6_crop_6.jpg
99,500,600,2024-09-02-1521-INSIDE-6_crop_7.jpg
45,445,445,2024-09-02-1521-INSIDE-6_crop_8.jpg
555,553,553,2024-09-02-1521-INSIDE-6_crop_9.jpg
3,,553,2024-09-02-1521-INSIDE-8_crop_10.jpg
4,0,04,2024-09-02-1521-INSIDE-8_crop_11.jpg
,,04,2024-09-02-1521-INSIDE-8_crop_12.jpg
,446,445,2024-09-02-1521-INSIDE-8_crop_13.jpg
275,215,275,2024-09-02-1521-INSIDE-8_crop_14.jpg
59,,591,2024-09-02-1521-INSIDE-8_crop_15.jpg
600,,600,2024-09-02-1521-INSIDE-8_crop_16.jpg
347,,347,2024-09-02-1521-INSIDE-8_crop_17.jpg
7,,547,2024-09-02-1521-INSIDE-8_crop_18.jpg
,,1124,2024-09-02-1521-INSIDE-8_crop_19.jpg
,47,1,2024-09-02-1521-INSIDE-8_crop_20.jpg
,04,04,2024-09-02-1521-INSIDE-8_crop_21.jpg
00,500,600,2024-09-02-1521-INSIDE-8_crop_7.jpg
275,275,275,2024-09-02-1521-INSIDE-8_crop_9.jpg
478,478,478,2024-09-02-1521-OUTSIDE-10_crop_10.jpg
558,558,558,2024-09-02-1521-OUTSIDE-10_crop_11.jpg
46,,446,2024-09-02-1521-OUTSIDE-10_crop_12.jpg
,2,359,2024-09-02-1521-OUTSIDE-10_crop_13.jpg
855,355,355,2024-09-02-1521-OUTSIDE-10_crop_14.jpg
,638,588,2024-09-02-1521-OUTSIDE-10_crop_15.jpg
19,190,190,2024-09-02-1521-OUTSIDE-10_crop_16.jpg
342,,344,2024-09-02-1521-OUTSIDE-10_crop_17.jpg
,,95,2024-09-02-1521-OUTSIDE-10_crop_18.jpg
3,334,334,2024-09-02-1521-OUTSIDE-10_crop_19.jpg
54,5,546,2024-09-02-1521-OUTSIDE-11_crop_11.jpg
,00,700,2024-09-02-1521-OUTSIDE-11_crop_12.jpg
43,,143,2024-09-02-1521-OUTSIDE-11_crop_13.jpg
5,,10151,2024-09-02-1521-OUTSIDE-11_crop_15.jpg
2,,501,2024-09-02-1521-OUTSIDE-11_crop_16.jpg
13716,,376,2024-09-02-1521-OUTSIDE-11_crop_17.jpg
14016,,4106,2024-09-02-1521-OUTSIDE-11_crop_18.jpg
2,,23,2024-09-02-1521-OUTSIDE-11_crop_19.jpg
13548,,35,2024-09-02-1521-OUTSIDE-11_crop_20.jpg
,,640,2024-09-02-1521-OUTSIDE-11_crop_22.jpg
,,1450,2024-09-02-1521-OUTSIDE-11_crop_23.jpg
,,110,2024-09-02-1521-OUTSIDE-11_crop_25.jpg
,,40,2024-09-02-1521-OUTSIDE-11_crop_27.jpg
,,,2024-09-02-1521-OUTSIDE-11_crop_28.jpg
,,406,2024-09-02-1521-OUTSIDE-11_crop_8.jpg
709,,709,2024-09-02-1521-OUTSIDE-14 (2)_crop_11.jpg
4,,54,2024-09-02-1521-OUTSIDE-14 (2)_crop_12.jpg
57,,57,2024-09-02-1521-OUTSIDE-14 (2)_crop_13.jpg
32,,531,2024-09-02-1521-OUTSIDE-14 (2)_crop_14.jpg
2910,,290,2024-09-02-1521-OUTSIDE-14 (2)_crop_15.jpg
,,562,2024-09-02-1521-OUTSIDE-14 (2)_crop_16.jpg
14510,,450,2024-09-02-1521-OUTSIDE-14 (2)_crop_17.jpg
4712,,473,2024-09-02-1521-OUTSIDE-14 (2)_crop_18.jpg
13153,353,,2024-09-02-1521-OUTSIDE-14 (2)_crop_20.jpg
12135,,2351,2024-09-02-1521-OUTSIDE-14 (2)_crop_21.jpg
54,,54,2024-09-02-1521-OUTSIDE-14 (2)_crop_22.jpg
3,,,2024-09-02-1521-OUTSIDE-14 (2)_crop_25.jpg
25,,352,2024-09-02-1521-OUTSIDE-1_crop_1.jpg
525,525,525,2024-09-02-1521-OUTSIDE-2_crop_2.jpg
176,176,176,2024-09-02-1521-OUTSIDE-2_crop_3.jpg
54,54,54,2024-09-02-1521-OUTSIDE-4 (2)_crop_10.jpg
2,,245,2024-09-02-1521-OUTSIDE-4 (2)_crop_4.jpg
703,703,703,2024-09-02-1521-OUTSIDE-4 (2)_crop_5.jpg
473,473,473,2024-09-02-1521-OUTSIDE-4 (2)_crop_6.jpg
473,473,473,2024-09-02-1521-OUTSIDE-4 (2)_crop_7.jpg
703,703,703,2024-09-02-1521-OUTSIDE-4 (2)_crop_8.jpg
255,,2455,2024-09-02-1521-OUTSIDE-4 (2)_crop_9.jpg
5,,1500,2024-09-02-1521-OUTSIDE-4 (3)_crop_10.jpg
6015,5015,5015,2024-09-02-1521-OUTSIDE-4 (3)_crop_11.jpg
640,640,640,2024-09-02-1521-OUTSIDE-4 (3)_crop_4.jpg
17,17,17,2024-09-02-1521-OUTSIDE-4 (3)_crop_5.jpg
50115,501,5015,2024-09-02-1521-OUTSIDE-4 (3)_crop_6.jpg
,,406,2024-09-02-1521-OUTSIDE-4 (3)_crop_7.jpg
406,406,406,2024-09-02-1521-OUTSIDE-4 (3)_crop_8.jpg
04,01,501,2024-09-02-1521-OUTSIDE-4 (3)_crop_9.jpg
4903,,420,2024-09-04-1402-INSIDE-3 (2)_crop_3.jpg
420,420,420,2024-09-04-1402-INSIDE-3 (2)_crop_4.jpg
36,56,56,2024-09-04-1402-INSIDE-3 (2)_crop_5.jpg
560,560,560,2024-09-04-1402-INSIDE-3 (2)_crop_6.jpg
4129,420,420,2024-09-04-1402-INSIDE-3 (2)_crop_7.jpg
7,,162,2024-09-04-1402-INSIDE-3_crop_3.jpg
587,587,587,2024-09-04-1402-INSIDE-3_crop_4.jpg
2,,2,2024-09-04-1402-INSIDE-3_crop_5.jpg
587,587,587,2024-09-04-1402-INSIDE-3_crop_6.jpg
7,,172,2024-09-04-1402-INSIDE-3_crop_7.jpg
47,,162,2024-09-04-1402-INSIDE-3_crop_8.jpg
24,21,21,2024-09-04-1402-INSIDE-4 (2)_crop_10.jpg
,,24,2024-09-04-1402-INSIDE-4 (2)_crop_11.jpg
5,406,456,2024-09-04-1402-INSIDE-4 (2)_crop_4.jpg
21,21,21,2024-09-04-1402-INSIDE-4 (2)_crop_5.jpg
566,566,566,2024-09-04-1402-INSIDE-4 (2)_crop_6.jpg
,,46,2024-09-04-1402-INSIDE-4 (2)_crop_7.jpg
,560,566,2024-09-04-1402-INSIDE-4 (2)_crop_8.jpg
2,,264,2024-09-04-1402-INSIDE-4 (2)_crop_9.jpg
,,,2024-09-04-1402-INSIDE-4 (3)_crop_10.jpg
495122,122,122,2024-09-04-1402-INSIDE-4 (3)_crop_4.jpg
544,5444,544,2024-09-04-1402-INSIDE-4 (3)_crop_5.jpg
133,122,122,2024-09-04-1402-INSIDE-4 (3)_crop_6.jpg
34,354,354,2024-09-04-1402-INSIDE-4 (3)_crop_7.jpg
,,144,2024-09-04-1402-INSIDE-4 (3)_crop_8.jpg
177,33177,33177,2024-09-04-1402-INSIDE-4 (3)_crop_9.jpg
352,352,352,2024-09-04-1402-INSIDE-4_crop_10.jpg
607,501,501,2024-09-04-1402-INSIDE-4_crop_11.jpg
6015,5015,5015,2024-09-04-1402-INSIDE-4_crop_12.jpg
,,214,2024-09-04-1402-INSIDE-4_crop_4.jpg
501,,501,2024-09-04-1402-INSIDE-4_crop_5.jpg
52,,352,2024-09-04-1402-INSIDE-4_crop_6.jpg
434,234,224,2024-09-04-1402-INSIDE-4_crop_7.jpg
54,,541,2024-09-04-1402-INSIDE-4_crop_8.jpg
41,41,7,2024-09-04-1402-INSIDE-4_crop_9.jpg
44,44,44,2024-09-04-1402-INSIDE-6 (2)_crop_10.jpg
74,74,74,2024-09-04-1402-INSIDE-6 (2)_crop_12.jpg
143,143,143,2024-09-04-1402-INSIDE-6 (2)_crop_13.jpg
,,700,2024-09-04-1402-INSIDE-6 (2)_crop_14.jpg
6,546,1546,2024-09-04-1402-INSIDE-6 (2)_crop_15.jpg
,546,5461,2024-09-04-1402-INSIDE-6 (2)_crop_16.jpg
,,1,2024-09-04-1402-INSIDE-6 (2)_crop_17.jpg
,,5,2024-09-04-1402-INSIDE-6 (2)_crop_18.jpg
,,74,2024-09-04-1402-INSIDE-6 (2)_crop_19.jpg
,,,2024-09-04-1402-INSIDE-6 (2)_crop_20.jpg
,,44,2024-09-04-1402-INSIDE-6 (2)_crop_21.jpg
,700,,2024-09-04-1402-INSIDE-6 (2)_crop_22.jpg
16,156,1546,2024-09-04-1402-INSIDE-6 (2)_crop_23.jpg
443,143,143,2024-09-04-1402-INSIDE-6 (2)_crop_24.jpg
,,6,2024-09-04-1402-INSIDE-6 (2)_crop_25.jpg
,,6,2024-09-04-1402-INSIDE-6 (2)_crop_26.jpg
,,,2024-09-04-1402-INSIDE-6 (2)_crop_27.jpg
,,549,2024-09-04-1402-INSIDE-6 (2)_crop_28.jpg
,,44,2024-09-04-1402-INSIDE-6 (2)_crop_29.jpg
143,143,143,2024-09-04-1402-INSIDE-6 (2)_crop_6.jpg
700,700,700,2024-09-04-1402-INSIDE-6 (2)_crop_7.jpg
,,,2024-09-04-1402-INSIDE-6 (2)_crop_8.jpg
4,,44,2024-09-04-1402-INSIDE-6 (2)_crop_9.jpg
376,376,376,2024-09-04-1402-INSIDE-6_crop_10.jpg
,,405,2024-09-04-1402-INSIDE-6_crop_11.jpg
406,,406,2024-09-04-1402-INSIDE-6_crop_12.jpg
25,380,380,2024-09-04-1402-INSIDE-6_crop_13.jpg
5,,541,2024-09-04-1402-INSIDE-6_crop_14.jpg
408,406,406,2024-09-04-1402-INSIDE-6_crop_15.jpg
5,,65,2024-09-04-1402-INSIDE-6_crop_16.jpg
,,,2024-09-04-1402-INSIDE-6_crop_17.jpg
,,352,2024-09-04-1402-INSIDE-6_crop_18.jpg
4,71,171,2024-09-04-1402-INSIDE-6_crop_6.jpg
376,376,376,2024-09-04-1402-INSIDE-6_crop_7.jpg
380,380,380,2024-09-04-1402-INSIDE-6_crop_8.jpg
1,471,471,2024-09-04-1402-INSIDE-6_crop_9.jpg
,78,378,2024-09-04-1402-INSIDE-8 (2)_crop_10.jpg
46,,46,2024-09-04-1402-INSIDE-8 (2)_crop_11.jpg
03,03,03,2024-09-04-1402-INSIDE-8 (2)_crop_12.jpg
169,169,169,2024-09-04-1402-INSIDE-8 (2)_crop_13.jpg
524,,521,2024-09-04-1402-INSIDE-8 (2)_crop_14.jpg
,,56,2024-09-04-1402-INSIDE-8 (2)_crop_15.jpg
360,60,560,2024-09-04-1402-INSIDE-8 (2)_crop_16.jpg
2614,,361,2024-09-04-1402-INSIDE-8 (2)_crop_17.jpg
,196,196,2024-09-04-1402-INSIDE-8 (2)_crop_18.jpg
,,621,2024-09-04-1402-INSIDE-8 (2)_crop_19.jpg
5616,566,566,2024-09-04-1402-INSIDE-8 (2)_crop_8.jpg
1354,,354,2024-09-04-1402-INSIDE-8 (3)_crop_10.jpg
4,3301,300,2024-09-04-1402-INSIDE-8 (3)_crop_11.jpg
4510,,,2024-09-04-1402-INSIDE-8 (3)_crop_12.jpg
5144,544,544,2024-09-04-1402-INSIDE-8 (3)_crop_4.jpg
,,354,2024-09-04-1402-INSIDE-8 (3)_crop_6.jpg
,,100,2024-09-04-1402-INSIDE-8 (3)_crop_7.jpg
27,7,317,2024-09-04-1402-INSIDE-8 (3)_crop_8.jpg
354,,354,2024-09-04-1402-INSIDE-8 (3)_crop_9.jpg
376,376,376,2024-09-04-1402-INSIDE-8_crop_10.jpg
376,376,376,2024-09-04-1402-INSIDE-8_crop_11.jpg
380,380,380,2024-09-04-1402-INSIDE-8_crop_12.jpg
14,471,471,2024-09-04-1402-INSIDE-8_crop_13.jpg
330,380,380,2024-09-04-1402-INSIDE-8_crop_14.jpg
06,406,406,2024-09-04-1402-INSIDE-8_crop_15.jpg
357,5,352,2024-09-04-1402-INSIDE-8_crop_16.jpg
474,471,471,2024-09-04-1402-INSIDE-8_crop_17.jpg
5,,352,2024-09-04-1402-INSIDE-8_crop_18.jpg
41,1,41,2024-09-04-1402-INSIDE-8_crop_19.jpg
01,501,501,2024-09-04-1402-INSIDE-8_crop_20.jpg
224,234,224,2024-09-04-1402-INSIDE-8_crop_21.jpg
408,,406,2024-09-04-1402-INSIDE-8_crop_22.jpg
,,501,2024-09-04-1402-INSIDE-8_crop_23.jpg
5015,501,6015,2024-09-04-1402-INSIDE-8_crop_24.jpg
5015,5015,50151,2024-09-04-1402-INSIDE-8_crop_25.jpg
,,405,2024-09-04-1402-INSIDE-8_crop_8.jpg
,,214,2024-09-04-1402-INSIDE-8_crop_9.jpg
59,558,558,2024-09-04-1402-OUTSIDE-10_crop_10.jpg
478,478,478,2024-09-04-1402-OUTSIDE-10_crop_11.jpg
,,359,2024-09-04-1402-OUTSIDE-10_crop_12.jpg
196,190,190,2024-09-04-1402-OUTSIDE-10_crop_13.jpg
,508,5084,2024-09-04-1402-OUTSIDE-10_crop_14.jpg
34,3,344,2024-09-04-1402-OUTSIDE-10_crop_15.jpg
355,355,355,2024-09-04-1402-OUTSIDE-10_crop_16.jpg
446,,446,2024-09-04-1402-OUTSIDE-10_crop_17.jpg
,,5,2024-09-04-1402-OUTSIDE-10_crop_18.jpg
3,334,334,2024-09-04-1402-OUTSIDE-10_crop_19.jpg
1,,,2024-09-04-1402-OUTSIDE-10_crop_20.jpg
,,,2024-09-04-1402-OUTSIDE-10_crop_21.jpg
709,,709,2024-09-04-1402-OUTSIDE-11_crop_10.jpg
150,,450,2024-09-04-1402-OUTSIDE-11_crop_11.jpg
,353,,2024-09-04-1402-OUTSIDE-11_crop_12.jpg
532,,531,2024-09-04-1402-OUTSIDE-11_crop_13.jpg
2,,54,2024-09-04-1402-OUTSIDE-11_crop_14.jpg
6,,562,2024-09-04-1402-OUTSIDE-11_crop_15.jpg
2910,,290,2024-09-04-1402-OUTSIDE-11_crop_16.jpg
4713,,473,2024-09-04-1402-OUTSIDE-11_crop_17.jpg
57,,57,2024-09-04-1402-OUTSIDE-11_crop_18.jpg
514,,54,2024-09-04-1402-OUTSIDE-11_crop_19.jpg
12139,,235,2024-09-04-1402-OUTSIDE-11_crop_20.jpg
249,249,249,2024-09-04-1402-OUTSIDE-2 (2)_crop_2.jpg
126,1226,126,2024-09-04-1402-OUTSIDE-2 (2)_crop_3.jpg
7,,176,2024-09-04-1402-OUTSIDE-2 (2)_crop_4.jpg
249,249,249,2024-09-04-1402-OUTSIDE-2 (2)_crop_5.jpg
525,525,525,2024-09-04-1402-OUTSIDE-2 (3)_crop_2.jpg
132,182,182,2024-09-04-1402-OUTSIDE-2 (3)_crop_3.jpg
12,182,182,2024-09-04-1402-OUTSIDE-2 (3)_crop_4.jpg
416,416,416,2024-09-04-1402-OUTSIDE-2_crop_2.jpg
4,,416,2024-09-04-1402-OUTSIDE-2_crop_3.jpg
407,409,409,2024-09-04-1402-OUTSIDE-2_crop_4.jpg
530,530,530,2024-09-04-1402-OUTSIDE-4 (2)_crop_4.jpg
473,473,473,2024-09-04-1402-OUTSIDE-4 (2)_crop_5.jpg
472,473,473,2024-09-04-1402-OUTSIDE-4 (2)_crop_6.jpg
294,76,394,2024-09-04-1402-OUTSIDE-4 (2)_crop_7.jpg
54,5,54,2024-09-04-1402-OUTSIDE-4 (2)_crop_8.jpg
,9,249,2024-09-04-1402-OUTSIDE-6_crop_10.jpg
17,,17,2024-09-04-1402-OUTSIDE-6_crop_11.jpg
126,,126,2024-09-04-1402-OUTSIDE-6_crop_6.jpg
64,60,640,2024-09-04-1402-OUTSIDE-6_crop_7.jpg
01,0,01,2024-09-04-1402-OUTSIDE-6_crop_8.jpg
16216,,626,2024-09-04-1402-OUTSIDE-6_crop_9.jpg
2166,,266,2024-09-04-1402-OUTSIDE-8 (2)_crop_10.jpg
46,,416,2024-09-04-1402-OUTSIDE-8 (2)_crop_11.jpg
55,,55,2024-09-04-1402-OUTSIDE-8 (2)_crop_12.jpg
210177,,307,2024-09-04-1402-OUTSIDE-8 (2)_crop_13.jpg
715,,115,2024-09-04-1402-OUTSIDE-8 (2)_crop_14.jpg
10,,1051,2024-09-04-1402-OUTSIDE-8 (2)_crop_15.jpg
409,,409,2024-09-04-1402-OUTSIDE-8 (2)_crop_16.jpg
,,235,2024-09-04-1402-OUTSIDE-8 (2)_crop_17.jpg
,,05,2024-09-04-1402-OUTSIDE-8 (2)_crop_18.jpg
46,,235,2024-09-04-1402-OUTSIDE-8 (2)_crop_19.jpg
,,49,2024-09-04-1402-OUTSIDE-8 (2)_crop_20.jpg
121016,,206,2024-09-04-1402-OUTSIDE-8 (2)_crop_8.jpg
56,565,565,2024-09-04-1402-OUTSIDE-8_crop_10.jpg
5,86,86,2024-09-04-1402-OUTSIDE-8_crop_11.jpg
,86,86,2024-09-04-1402-OUTSIDE-8_crop_12.jpg
355,55,355,2024-09-04-1402-OUTSIDE-8_crop_13.jpg
334,,334,2024-09-04-1402-OUTSIDE-8_crop_14.jpg
,,478,2024-09-04-1402-OUTSIDE-8_crop_15.jpg
934,,924,2024-09-04-1402-OUTSIDE-8_crop_16.jpg
,,344,2024-09-04-1402-OUTSIDE-8_crop_18.jpg
,,00000,2024-09-04-1402-OUTSIDE-8_crop_19.jpg
,,,2024-09-04-1402-OUTSIDE-8_crop_20.jpg
344,314,314,2024-09-04-1402-OUTSIDE-8_crop_8.jpg
,51,519,2024-09-04-1402-OUTSIDE-8_crop_9.jpg
1364,6,361,2024-09-06-1402-INSIDE-2 (2)_crop_2.jpg
433,433,433,2024-09-06-1402-INSIDE-2 (2)_crop_4.jpg
1,196,196,2024-09-06-1402-INSIDE-2 (2)_crop_5.jpg
4,433,433,2024-09-06-1402-INSIDE-2 (2)_crop_6.jpg
031,,03,2024-09-06-1402-INSIDE-2 (3)_crop_2.jpg
616,66,66,2024-09-06-1402-INSIDE-2 (3)_crop_3.jpg
516,6,56,2024-09-06-1402-INSIDE-2 (3)_crop_4.jpg
315,319,319,2024-09-06-1402-INSIDE-2_crop_2.jpg
,,,2024-09-06-1402-INSIDE-2_crop_5.jpg
,,1,2024-09-06-1402-INSIDE-3_crop_10.jpg
,,1170,2024-09-06-1402-INSIDE-3_crop_11.jpg
,,,2024-09-06-1402-INSIDE-3_crop_12.jpg
,,,2024-09-06-1402-INSIDE-3_crop_13.jpg
109,,109,2024-09-06-1402-INSIDE-3_crop_3.jpg
3614,,361,2024-09-06-1402-INSIDE-3_crop_4.jpg
,378,378,2024-09-06-1402-INSIDE-3_crop_6.jpg
03,3,03,2024-09-06-1402-INSIDE-3_crop_8.jpg
,432,43,2024-09-06-1402-INSIDE-3_crop_9.jpg
12,122,122,2024-09-06-1402-INSIDE-4 (2)_crop_10.jpg
418,418,418,2024-09-06-1402-INSIDE-4 (2)_crop_11.jpg
544,544,544,2024-09-06-1402-INSIDE-4 (2)_crop_4.jpg
122,122,122,2024-09-06-1402-INSIDE-4 (2)_crop_5.jpg
69,69,69,2024-09-06-1402-INSIDE-4 (2)_crop_6.jpg
69,69,69,2024-09-06-1402-INSIDE-4 (2)_crop_7.jpg
,,514,2024-09-06-1402-INSIDE-4 (2)_crop_8.jpg
413,418,418,2024-09-06-1402-INSIDE-4 (2)_crop_9.jpg
413,,418,2024-09-06-1402-INSIDE-4 (3)_crop_4.jpg
354,54,354,2024-09-06-1402-INSIDE-4 (3)_crop_5.jpg
354,35,354,2024-09-06-1402-INSIDE-4 (3)_crop_6.jpg
27,317,317,2024-09-06-1402-INSIDE-4 (3)_crop_7.jpg
,560,560,2024-09-06-1402-INSIDE-4_crop_10.jpg
21,21,21,2024-09-06-1402-INSIDE-4_crop_11.jpg
21,21,21,2024-09-06-1402-INSIDE-4_crop_4.jpg
,,46,2024-09-06-1402-INSIDE-4_crop_5.jpg
264,,264,2024-09-06-1402-INSIDE-4_crop_6.jpg
566,566,566,2024-09-06-1402-INSIDE-4_crop_7.jpg
85,456,456,2024-09-06-1402-INSIDE-4_crop_8.jpg
,,2,2024-09-06-1402-INSIDE-4_crop_9.jpg
9,709,709,2024-09-06-1402-INSIDE-6_crop_10.jpg
208,208,208,2024-09-06-1402-INSIDE-6_crop_11.jpg
,,39,2024-09-06-1402-INSIDE-6_crop_12.jpg
702,702,70,2024-09-06-1402-INSIDE-6_crop_13.jpg
635,639,639,2024-09-06-1402-INSIDE-6_crop_14.jpg
235,235,235,2024-09-06-1402-INSIDE-6_crop_15.jpg
639,639,639,2024-09-06-1402-INSIDE-6_crop_16.jpg
0,,121018,2024-09-06-1402-INSIDE-6_crop_17.jpg
7,,702,2024-09-06-1402-INSIDE-6_crop_6.jpg
,09,709,2024-09-06-1402-INSIDE-6_crop_7.jpg
39,,398,2024-09-06-1402-INSIDE-6_crop_8.jpg
235,235,235,2024-09-06-1402-INSIDE-6_crop_9.jpg
190,190,190,2024-09-06-1402-OUTSIDE-14_crop_12.jpg
478,478,478,2024-09-06-1402-OUTSIDE-14_crop_13.jpg
15,519,519,2024-09-06-1402-OUTSIDE-14_crop_14.jpg
86,86,86,2024-09-06-1402-OUTSIDE-14_crop_15.jpg
,,446,2024-09-06-1402-OUTSIDE-14_crop_16.jpg
1,259,369,2024-09-06-1402-OUTSIDE-14_crop_17.jpg
558,,558,2024-09-06-1402-OUTSIDE-14_crop_18.jpg
86,,86,2024-09-06-1402-OUTSIDE-14_crop_19.jpg
5,355,355,2024-09-06-1402-OUTSIDE-14_crop_21.jpg
,,684,2024-09-06-1402-OUTSIDE-14_crop_22.jpg
3344,334,334,2024-09-06-1402-OUTSIDE-14_crop_23.jpg
944,,344,2024-09-06-1402-OUTSIDE-14_crop_24.jpg
86,86,86,2024-09-06-1402-OUTSIDE-14_crop_25.jpg
132,182,182,2024-09-06-1402-OUTSIDE-2 (2)_crop_2.jpg
122,182,182,2024-09-06-1402-OUTSIDE-2 (2)_crop_3.jpg
525,525,525,2024-09-06-1402-OUTSIDE-2 (2)_crop_4.jpg
,422,422,2024-09-06-1402-OUTSIDE-2_crop_2.jpg
6,589,589,2024-09-06-1402-OUTSIDE-2_crop_3.jpg
585,58,589,2024-09-06-1402-OUTSIDE-2_crop_4.jpg
422,422,422,2024-09-06-1402-OUTSIDE-2_crop_5.jpg
587,587,587,2024-09-06-1402-OUTSIDE-3_crop_3.jpg
757,587,587,2024-09-06-1402-OUTSIDE-3_crop_4.jpg
,,162,2024-09-06-1402-OUTSIDE-3_crop_5.jpg
142,,12,2024-09-06-1402-OUTSIDE-3_crop_6.jpg
7,,172,2024-09-06-1402-OUTSIDE-3_crop_7.jpg
,,2,2024-09-06-1402-OUTSIDE-3_crop_8.jpg
4,,100,2024-09-06-1402-OUTSIDE-3_crop_9.jpg
2,,12,2024-09-06-1402-OUTSIDE-4 (2)_crop_10.jpg
,,626,2024-09-06-1402-OUTSIDE-4 (2)_crop_4.jpg
4,,01,2024-09-06-1402-OUTSIDE-4 (2)_crop_5.jpg
,0,01,2024-09-06-1402-OUTSIDE-4 (2)_crop_6.jpg
,6,640,2024-09-06-1402-OUTSIDE-4 (2)_crop_7.jpg
,,17,2024-09-06-1402-OUTSIDE-4 (2)_crop_8.jpg
54,54,54,2024-09-06-1402-OUTSIDE-4_crop_4.jpg
1394,394,394,2024-09-06-1402-OUTSIDE-4_crop_5.jpg
52,562,562,2024-09-06-1402-OUTSIDE-4_crop_6.jpg
530,530,530,2024-09-06-1402-OUTSIDE-4_crop_7.jpg
5537,6582,52,2024-09-06-1402-OUTSIDE-4_crop_8.jpg
4196,,496,2024-09-06-1402-OUTSIDE-6 (2)_crop_10.jpg
,,71,2024-09-06-1402-OUTSIDE-6 (2)_crop_11.jpg
71,,71,2024-09-06-1402-OUTSIDE-6 (2)_crop_12.jpg
12199,,299,2024-09-06-1402-OUTSIDE-6 (2)_crop_6.jpg
106,,206,2024-09-06-1402-OUTSIDE-6 (2)_crop_7.jpg
430,,430,2024-09-06-1402-OUTSIDE-6 (2)_crop_8.jpg
,,77,2024-09-06-1402-OUTSIDE-6 (2)_crop_9.jpg
7,4,74,2024-09-06-1402-OUTSIDE-6 (3)_crop_10.jpg
422,2,422,2024-09-06-1402-OUTSIDE-6 (3)_crop_11.jpg
,,24,2024-09-06-1402-OUTSIDE-6 (3)_crop_12.jpg
5,58,589,2024-09-06-1402-OUTSIDE-6 (3)_crop_5.jpg
21449,,249,2024-09-06-1402-OUTSIDE-6 (3)_crop_7.jpg
1126,,126,2024-09-06-1402-OUTSIDE-6 (3)_crop_8.jpg
560,560,560,2024-09-06-1402-OUTSIDE-6 (3)_crop_9.jpg
352,352,352,2024-09-06-1402-OUTSIDE-6 (4)_crop_10.jpg
54,,541,2024-09-06-1402-OUTSIDE-6 (4)_crop_11.jpg
420,420,420,2024-09-06-1402-OUTSIDE-6 (4)_crop_12.jpg
,,60,2024-09-06-1402-OUTSIDE-6 (4)_crop_13.jpg
,05,05,2024-09-06-1402-OUTSIDE-6 (4)_crop_14.jpg
44,44,44,2024-09-06-1402-OUTSIDE-6 (4)_crop_15.jpg
41,41,741,2024-09-06-1402-OUTSIDE-6 (4)_crop_16.jpg
420,120,420,2024-09-06-1402-OUTSIDE-6 (4)_crop_18.jpg
7,,,2024-09-06-1402-OUTSIDE-6 (4)_crop_19.jpg
1,,1,2024-09-06-1402-OUTSIDE-6 (4)_crop_21.jpg
44,044,044,2024-09-06-1402-OUTSIDE-6 (4)_crop_6.jpg
662,,352,2024-09-06-1402-OUTSIDE-6 (4)_crop_7.jpg
,,05,2024-09-06-1402-OUTSIDE-6 (4)_crop_8.jpg
,,420,2024-09-06-1402-OUTSIDE-6 (4)_crop_9.jpg
406,406,406,2024-09-06-1402-OUTSIDE-6 (5)_crop_10.jpg
376,376,376,2024-09-06-1402-OUTSIDE-6 (5)_crop_11.jpg
380,380,380,2024-09-06-1402-OUTSIDE-6 (5)_crop_12.jpg
335,335,335,2024-09-06-1402-OUTSIDE-6 (5)_crop_13.jpg
,,405,2024-09-06-1402-OUTSIDE-6 (5)_crop_14.jpg
,471,471,2024-09-06-1402-OUTSIDE-6 (5)_crop_16.jpg
33830,380,380,2024-09-06-1402-OUTSIDE-6 (5)_crop_17.jpg
32,,52,2024-09-06-1402-OUTSIDE-6 (5)_crop_18.jpg
00,,400,2024-09-06-1402-OUTSIDE-6 (5)_crop_20.jpg
7,,2,2024-09-06-1402-OUTSIDE-6 (5)_crop_21.jpg
,703,705,2024-09-06-1402-OUTSIDE-6 (5)_crop_5.jpg
376,376,376,2024-09-06-1402-OUTSIDE-6 (5)_crop_7.jpg
703,703,703,2024-09-06-1402-OUTSIDE-6 (5)_crop_8.jpg
471,471,471,2024-09-06-1402-OUTSIDE-6 (5)_crop_9.jpg
4,,54,2024-09-06-1402-OUTSIDE-6_crop_10.jpg
31,1,531,2024-09-06-1402-OUTSIDE-6_crop_11.jpg
5130,,530,2024-09-06-1402-OUTSIDE-6_crop_12.jpg
219,,29,2024-09-06-1402-OUTSIDE-6_crop_13.jpg
516,562,562,2024-09-06-1402-OUTSIDE-6_crop_6.jpg
21910,0,290,2024-09-06-1402-OUTSIDE-6_crop_7.jpg
,5,57,2024-09-06-1402-OUTSIDE-6_crop_8.jpg
54,,54,2024-09-06-1402-OUTSIDE-6_crop_9.jpg
206,,206,2024-09-06-1402-OUTSIDE-8_crop_10.jpg
515,,55,2024-09-06-1402-OUTSIDE-8_crop_11.jpg
,,71,2024-09-06-1402-OUTSIDE-8_crop_12.jpg
317,,307,2024-09-06-1402-OUTSIDE-8_crop_13.jpg
,,496,2024-09-06-1402-OUTSIDE-8_crop_14.jpg
,,1,2024-09-06-1402-OUTSIDE-8_crop_15.jpg
71,7,71,2024-09-06-1402-OUTSIDE-8_crop_16.jpg
430,,430,2024-09-06-1402-OUTSIDE-8_crop_8.jpg
2616,,266,2024-09-06-1402-OUTSIDE-8_crop_9.jpg
313,319,319,2024-09-09-1425-INSIDE-2 (2)_crop_3.jpg
4133,,133,2024-09-09-1425-INSIDE-2 (2)_crop_5.jpg
,,412,2024-09-09-1425-INSIDE-2 (2)_crop_7.jpg
19,,19,2024-09-09-1425-INSIDE-2_crop_2.jpg
,960,196,2024-09-09-1425-INSIDE-2_crop_3.jpg
635,639,639,2024-09-09-1425-INSIDE-2_crop_4.jpg
,,,2024-09-09-1425-INSIDE-2_crop_5.jpg
,,,2024-09-09-1425-INSIDE-3_crop_10.jpg
,,102,2024-09-09-1425-INSIDE-3_crop_3.jpg
587,587,587,2024-09-09-1425-INSIDE-3_crop_4.jpg
587,587,587,2024-09-09-1425-INSIDE-3_crop_5.jpg
,,162,2024-09-09-1425-INSIDE-3_crop_6.jpg
112,,12,2024-09-09-1425-INSIDE-3_crop_7.jpg
72,,172,2024-09-09-1425-INSIDE-3_crop_8.jpg
,,2,2024-09-09-1425-INSIDE-3_crop_9.jpg
,,371,2024-09-09-1425-INSIDE-4 (2)_crop_10.jpg
1,,37181,2024-09-09-1425-INSIDE-4 (2)_crop_11.jpg
,566,566,2024-09-09-1425-INSIDE-4 (2)_crop_5.jpg
1,16,109,2024-09-09-1425-INSIDE-4 (2)_crop_6.jpg
103,03,03,2024-09-09-1425-INSIDE-4 (2)_crop_7.jpg
46,,46,2024-09-09-1425-INSIDE-4 (2)_crop_8.jpg
,,37,2024-09-09-1425-INSIDE-4 (2)_crop_9.jpg
12,122,122,2024-09-09-1425-INSIDE-4 (3)_crop_10.jpg
1418,418,418,2024-09-09-1425-INSIDE-4 (3)_crop_11.jpg
418,418,418,2024-09-09-1425-INSIDE-4 (3)_crop_4.jpg
69,69,69,2024-09-09-1425-INSIDE-4 (3)_crop_5.jpg
122,122,122,2024-09-09-1425-INSIDE-4 (3)_crop_6.jpg
,,514,2024-09-09-1425-INSIDE-4 (3)_crop_7.jpg
544,544,544,2024-09-09-1425-INSIDE-4 (3)_crop_8.jpg
6,69,69,2024-09-09-1425-INSIDE-4 (3)_crop_9.jpg
,,1176,2024-09-09-1425-INSIDE-4 (4)_crop_10.jpg
1748,8,378,2024-09-09-1425-INSIDE-4 (4)_crop_11.jpg
,,375,2024-09-09-1425-INSIDE-4 (4)_crop_12.jpg
,196,196,2024-09-09-1425-INSIDE-4 (4)_crop_3.jpg
210,210,210,2024-09-09-1425-INSIDE-4 (4)_crop_4.jpg
524,1,521,2024-09-09-1425-INSIDE-4 (4)_crop_6.jpg
,61,361,2024-09-09-1425-INSIDE-4 (4)_crop_8.jpg
,2,521,2024-09-09-1425-INSIDE-4 (4)_crop_9.jpg
44,44,044,2024-09-09-1425-INSIDE-4_crop_10.jpg
429,120,420,2024-09-09-1425-INSIDE-4_crop_11.jpg
,,420,2024-09-09-1425-INSIDE-4_crop_4.jpg
44,44,44,2024-09-09-1425-INSIDE-4_crop_5.jpg
,,05,2024-09-09-1425-INSIDE-4_crop_6.jpg
,,60,2024-09-09-1425-INSIDE-4_crop_7.jpg
15,05,05,2024-09-09-1425-INSIDE-4_crop_8.jpg
42,420,420,2024-09-09-1425-INSIDE-4_crop_9.jpg
6,566,560,2024-09-09-1425-INSIDE-5_crop_10.jpg
264,64,264,2024-09-09-1425-INSIDE-5_crop_11.jpg
21,21,21,2024-09-09-1425-INSIDE-5_crop_12.jpg
,456,456,2024-09-09-1425-INSIDE-5_crop_13.jpg
24,21,21,2024-09-09-1425-INSIDE-5_crop_14.jpg
2,,898,2024-09-09-1425-INSIDE-5_crop_6.jpg
,,,2024-09-09-1425-INSIDE-5_crop_7.jpg
4,,46,2024-09-09-1425-INSIDE-5_crop_8.jpg
566,566,566,2024-09-09-1425-INSIDE-5_crop_9.jpg
25,235,235,2024-09-09-1425-INSIDE-6_crop_10.jpg
36,,36,2024-09-09-1425-INSIDE-6_crop_11.jpg
236,235,235,2024-09-09-1425-INSIDE-6_crop_12.jpg
,,,2024-09-09-1425-INSIDE-6_crop_13.jpg
481,101,1611,2024-09-09-1425-INSIDE-6_crop_14.jpg
,,268,2024-09-09-1425-INSIDE-6_crop_15.jpg
,,26,2024-09-09-1425-INSIDE-6_crop_16.jpg
,,10,2024-09-09-1425-INSIDE-6_crop_17.jpg
702,,702,2024-09-09-1425-INSIDE-6_crop_4.jpg
12,612,612,2024-09-09-1425-INSIDE-6_crop_7.jpg
266,266,266,2024-09-09-1425-INSIDE-6_crop_8.jpg
82,612,612,2024-09-09-1425-INSIDE-6_crop_9.jpg
376,376,376,2024-09-09-1425-INSIDE-8_crop_10.jpg
380,380,380,2024-09-09-1425-INSIDE-8_crop_11.jpg
703,703,703,2024-09-09-1425-INSIDE-8_crop_12.jpg
376,376,376,2024-09-09-1425-INSIDE-8_crop_13.jpg
55,3350,33,2024-09-09-1425-INSIDE-8_crop_14.jpg
474,471,471,2024-09-09-1425-INSIDE-8_crop_15.jpg
,471,471,2024-09-09-1425-INSIDE-8_crop_16.jpg
3380,380,380,2024-09-09-1425-INSIDE-8_crop_17.jpg
6,406,406,2024-09-09-1425-INSIDE-8_crop_18.jpg
,,,2024-09-09-1425-INSIDE-8_crop_19.jpg
209,208,208,2024-09-09-1425-INSIDE-8_crop_20.jpg
4,,9,2024-09-09-1425-INSIDE-8_crop_21.jpg
,,454,2024-09-09-1425-INSIDE-8_crop_22.jpg
,,5,2024-09-09-1425-INSIDE-8_crop_23.jpg
408,408,406,2024-09-09-1425-INSIDE-8_crop_24.jpg
,,,2024-09-09-1425-INSIDE-8_crop_25.jpg
,703,705,2024-09-09-1425-INSIDE-8_crop_6.jpg
,,405,2024-09-09-1425-INSIDE-8_crop_9.jpg
,,562,2024-09-09-1425-OUTSIDE-10_crop_10.jpg
139,,394,2024-09-09-1425-OUTSIDE-10_crop_11.jpg
24379,239,239,2024-09-09-1425-OUTSIDE-10_crop_12.jpg
239,239,239,2024-09-09-1425-OUTSIDE-10_crop_13.jpg
517,,57,2024-09-09-1425-OUTSIDE-10_crop_14.jpg
535,530,530,2024-09-09-1425-OUTSIDE-10_crop_15.jpg
1573,3,573,2024-09-09-1425-OUTSIDE-10_crop_16.jpg
531,531,531,2024-09-09-1425-OUTSIDE-10_crop_17.jpg
10,,30,2024-09-09-1425-OUTSIDE-10_crop_18.jpg
,,3,2024-09-09-1425-OUTSIDE-10_crop_19.jpg
1139,,139,2024-09-09-1425-OUTSIDE-10_crop_20.jpg
2199,,290,2024-09-09-1425-OUTSIDE-10_crop_21.jpg
2,02,02,2024-09-09-1425-OUTSIDE-14_crop_14.jpg
500,50,500,2024-09-09-1425-OUTSIDE-14_crop_15.jpg
4,,11,2024-09-09-1425-OUTSIDE-14_crop_16.jpg
56,56,56,2024-09-09-1425-OUTSIDE-2 (2)_crop_2.jpg
585,589,589,2024-09-09-1425-OUTSIDE-2 (2)_crop_3.jpg
4,539,589,2024-09-09-1425-OUTSIDE-2 (2)_crop_4.jpg
,80,50,2024-09-09-1425-OUTSIDE-2 (2)_crop_5.jpg
525,525,525,2024-09-09-1425-OUTSIDE-2 (3)_crop_2.jpg
72,182,182,2024-09-09-1425-OUTSIDE-2 (3)_crop_3.jpg
132,182,182,2024-09-09-1425-OUTSIDE-2 (3)_crop_4.jpg
531,531,531,2024-09-09-1425-OUTSIDE-2_crop_2.jpg
106,390,290,2024-09-09-1425-OUTSIDE-2_crop_3.jpg
,,290,2024-09-09-1425-OUTSIDE-2_crop_4.jpg
56,5,56,2024-09-09-1425-OUTSIDE-2_crop_5.jpg
,,290,2024-09-09-1425-OUTSIDE-4_crop_3.jpg
,1,531,2024-09-09-1425-OUTSIDE-4_crop_4.jpg
57,57,57,2024-09-09-1425-OUTSIDE-4_crop_6.jpg
,562,562,2024-09-09-1425-OUTSIDE-4_crop_7.jpg
,,2,2024-09-09-1425-OUTSIDE-4_crop_8.jpg
430,,430,2024-09-09-1425-OUTSIDE-5_crop_10.jpg
15,,15,2024-09-09-1425-OUTSIDE-5_crop_11.jpg
7,,7,2024-09-09-1425-OUTSIDE-5_crop_12.jpg
7,,,2024-09-09-1425-OUTSIDE-5_crop_13.jpg
2106,,206,2024-09-09-1425-OUTSIDE-5_crop_6.jpg
1307,30,307,2024-09-09-1425-OUTSIDE-5_crop_8.jpg
515,,55,2024-09-09-1425-OUTSIDE-5_crop_9.jpg
4916,,496,2024-09-09-1425-OUTSIDE-6_crop_10.jpg
430,,430,2024-09-09-1425-OUTSIDE-6_crop_11.jpg
71,,71,2024-09-09-1425-OUTSIDE-6_crop_12.jpg
77,,77,2024-09-09-1425-OUTSIDE-6_crop_13.jpg
71,,71,2024-09-09-1425-OUTSIDE-6_crop_15.jpg
06,,206,2024-09-09-1425-OUTSIDE-6_crop_7.jpg
2919,,299,2024-09-09-1425-OUTSIDE-6_crop_8.jpg
74,,74,2024-09-09-1425-OUTSIDE-8_crop_10.jpg
214,6,249,2024-09-09-1425-OUTSIDE-8_crop_11.jpg
,9,249,2024-09-09-1425-OUTSIDE-8_crop_12.jpg
1624,,626,2024-09-09-1425-OUTSIDE-8_crop_13.jpg
5160,05,560,2024-09-09-1425-OUTSIDE-8_crop_14.jpg
,,01,2024-09-09-1425-OUTSIDE-8_crop_15.jpg
17,17,17,2024-09-09-1425-OUTSIDE-8_crop_16.jpg
64,60,640,2024-09-09-1425-OUTSIDE-8_crop_8.jpg
126,126,126,2024-09-09-1425-OUTSIDE-8_crop_9.jpg
167,101,101,2024-09-10-1355-INSIDE-1_crop_1.jpg
1,,10,2024-09-10-1355-INSIDE-1_crop_2.jpg
820,620,620,2024-09-10-1355-INSIDE-2 (2)_crop_2.jpg
30,303,303,2024-09-10-1355-INSIDE-2 (2)_crop_3.jpg
20,620,620,2024-09-10-1355-INSIDE-2 (2)_crop_5.jpg
1639,639,639,2024-09-10-1355-INSIDE-2 (2)_crop_6.jpg
313,319,319,2024-09-10-1355-INSIDE-2 (3)_crop_2.jpg
420,620,620,2024-09-10-1355-INSIDE-2_crop_10.jpg
36,36,36,2024-09-10-1355-INSIDE-2_crop_4.jpg
404,104,104,2024-09-10-1355-INSIDE-2_crop_5.jpg
26,36,36,2024-09-10-1355-INSIDE-2_crop_6.jpg
4038,303,303,2024-09-10-1355-INSIDE-2_crop_7.jpg
208,20,40,2024-09-10-1355-INSIDE-2_crop_8.jpg
,,104,2024-09-10-1355-INSIDE-2_crop_9.jpg
,,,2024-09-10-1355-INSIDE-3_crop_10.jpg
7,,102,2024-09-10-1355-INSIDE-3_crop_3.jpg
587,587,587,2024-09-10-1355-INSIDE-3_crop_4.jpg
,587,587,2024-09-10-1355-INSIDE-3_crop_5.jpg
172,,172,2024-09-10-1355-INSIDE-3_crop_6.jpg
472,172,172,2024-09-10-1355-INSIDE-3_crop_7.jpg
,,,2024-09-10-1355-INSIDE-3_crop_8.jpg
,,,2024-09-10-1355-INSIDE-3_crop_9.jpg
55,55,55,2024-09-10-1355-INSIDE-4 (4)_crop_10.jpg
3,,,2024-09-10-1355-INSIDE-4 (4)_crop_11.jpg
07,,702,2024-09-10-1355-INSIDE-4 (4)_crop_4.jpg
307,307,307,2024-09-10-1355-INSIDE-4 (4)_crop_5.jpg
307,307,307,2024-09-10-1355-INSIDE-4 (4)_crop_6.jpg
266,,266,2024-09-10-1355-INSIDE-4 (4)_crop_7.jpg
70,70,70,2024-09-10-1355-INSIDE-4 (4)_crop_8.jpg
5,55,55,2024-09-10-1355-INSIDE-4 (4)_crop_9.jpg
,,514,2024-09-10-1355-INSIDE-4_crop_10.jpg
418,418,418,2024-09-10-1355-INSIDE-4_crop_11.jpg
544,5444,544,2024-09-10-1355-INSIDE-4_crop_4.jpg
418,418,418,2024-09-10-1355-INSIDE-4_crop_5.jpg
6,69,69,2024-09-10-1355-INSIDE-4_crop_6.jpg
122,122,122,2024-09-10-1355-INSIDE-4_crop_7.jpg
69,66,69,2024-09-10-1355-INSIDE-4_crop_8.jpg
12122,122,122,2024-09-10-1355-INSIDE-4_crop_9.jpg
264,264,264,2024-09-10-1355-INSIDE-5_crop_10.jpg
6,406,456,2024-09-10-1355-INSIDE-5_crop_11.jpg
,,298,2024-09-10-1355-INSIDE-5_crop_12.jpg
,,46,2024-09-10-1355-INSIDE-5_crop_5.jpg
566,566,566,2024-09-10-1355-INSIDE-5_crop_6.jpg
7,,250,2024-09-10-1355-INSIDE-5_crop_7.jpg
1,21,21,2024-09-10-1355-INSIDE-5_crop_8.jpg
46,560,560,2024-09-10-1355-INSIDE-5_crop_9.jpg
432,433,433,2024-09-10-1355-INSIDE-6_crop_10.jpg
45,5,5,2024-09-10-1355-INSIDE-6_crop_11.jpg
9,,19,2024-09-10-1355-INSIDE-6_crop_12.jpg
15,15,15,2024-09-10-1355-INSIDE-6_crop_13.jpg
223,223,223,2024-09-10-1355-INSIDE-6_crop_14.jpg
,696,096,2024-09-10-1355-INSIDE-6_crop_6.jpg
,,433,2024-09-10-1355-INSIDE-6_crop_7.jpg
,223,223,2024-09-10-1355-INSIDE-6_crop_8.jpg
355,355,355,2024-09-10-1355-INSIDE-6_crop_9.jpg
524,521,521,2024-09-10-1355-INSIDE-8 (2)_crop_10.jpg
240,,210,2024-09-10-1355-INSIDE-8 (2)_crop_11.jpg
1469,169,169,2024-09-10-1355-INSIDE-8 (2)_crop_12.jpg
1361,,361,2024-09-10-1355-INSIDE-8 (2)_crop_13.jpg
6211,2,521,2024-09-10-1355-INSIDE-8 (2)_crop_14.jpg
46,,46,2024-09-10-1355-INSIDE-8 (2)_crop_15.jpg
37,38,378,2024-09-10-1355-INSIDE-8 (2)_crop_16.jpg
,8,18,2024-09-10-1355-INSIDE-8 (2)_crop_17.jpg
51646,66,566,2024-09-10-1355-INSIDE-8 (2)_crop_8.jpg
03,03,03,2024-09-10-1355-INSIDE-8 (2)_crop_9.jpg
4,44,044,2024-09-10-1355-INSIDE-8_crop_10.jpg
143,143,143,2024-09-10-1355-INSIDE-8_crop_11.jpg
70,700,7,2024-09-10-1355-INSIDE-8_crop_12.jpg
44,,44,2024-09-10-1355-INSIDE-8_crop_13.jpg
,,502,2024-09-10-1355-INSIDE-8_crop_14.jpg
143,143,143,2024-09-10-1355-INSIDE-8_crop_15.jpg
5,542,542,2024-09-10-1355-INSIDE-8_crop_16.jpg
05,05,05,2024-09-10-1355-INSIDE-8_crop_17.jpg
,,60,2024-09-10-1355-INSIDE-8_crop_18.jpg
546,4,546,2024-09-10-1355-INSIDE-8_crop_19.jpg
143,143,143,2024-09-10-1355-INSIDE-8_crop_20.jpg
4,,420,2024-09-10-1355-INSIDE-8_crop_21.jpg
700,700,700,2024-09-10-1355-INSIDE-8_crop_22.jpg
,,,2024-09-10-1355-INSIDE-8_crop_23.jpg
6,546546,549,2024-09-10-1355-INSIDE-8_crop_24.jpg
1856,,7546,2024-09-10-1355-INSIDE-8_crop_25.jpg
420,420,420,2024-09-10-1355-INSIDE-8_crop_26.jpg
706,70,,2024-09-10-1355-INSIDE-8_crop_27.jpg
,,6,2024-09-10-1355-INSIDE-8_crop_28.jpg
,,05,2024-09-10-1355-INSIDE-8_crop_8.jpg
,,420,2024-09-10-1355-INSIDE-8_crop_9.jpg
02,,02,2024-09-10-1355-OUTSIDE-14_crop_13.jpg
600,600,500,2024-09-10-1355-OUTSIDE-14_crop_15.jpg
,565,565,2024-09-10-1355-OUTSIDE-14_crop_16.jpg
,,11,2024-09-10-1355-OUTSIDE-14_crop_17.jpg
182,182,182,2024-09-10-1355-OUTSIDE-2 (2)_crop_2.jpg
1382,182,182,2024-09-10-1355-OUTSIDE-2 (2)_crop_3.jpg
525,525,525,2024-09-10-1355-OUTSIDE-2 (2)_crop_4.jpg
176,176,176,2024-09-10-1355-OUTSIDE-2 (3)_crop_2.jpg
560,56,56,2024-09-10-1355-OUTSIDE-2_crop_2.jpg
74,74,74,2024-09-10-1355-OUTSIDE-2_crop_3.jpg
,380,580,2024-09-10-1355-OUTSIDE-2_crop_4.jpg
,,74,2024-09-10-1355-OUTSIDE-2_crop_5.jpg
,56,562,2024-09-10-1355-OUTSIDE-4 (2)_crop_10.jpg
,,531,2024-09-10-1355-OUTSIDE-4 (2)_crop_11.jpg
57,,571,2024-09-10-1355-OUTSIDE-4 (2)_crop_13.jpg
478,478,478,2024-09-10-1355-OUTSIDE-4 (2)_crop_14.jpg
2190,,290,2024-09-10-1355-OUTSIDE-4 (2)_crop_16.jpg
1450,50,450,2024-09-10-1355-OUTSIDE-4 (2)_crop_8.jpg
330,330,330,2024-09-10-1355-OUTSIDE-4 (3)_crop_4.jpg
4,519,519,2024-09-10-1355-OUTSIDE-4 (3)_crop_5.jpg
344,314,314,2024-09-10-1355-OUTSIDE-4 (3)_crop_6.jpg
,,,2024-09-10-1355-OUTSIDE-4 (3)_crop_7.jpg
,,962,2024-09-10-1355-OUTSIDE-4_crop_10.jpg
,,,2024-09-10-1355-OUTSIDE-4_crop_11.jpg
0,,,2024-09-10-1355-OUTSIDE-4_crop_12.jpg
16,,157,2024-09-10-1355-OUTSIDE-4_crop_13.jpg
57,57,57,2024-09-10-1355-OUTSIDE-4_crop_4.jpg
531,531,531,2024-09-10-1355-OUTSIDE-4_crop_6.jpg
,06,290,2024-09-10-1355-OUTSIDE-4_crop_8.jpg
,562,562,2024-09-10-1355-OUTSIDE-4_crop_9.jpg
,10,01,2024-09-10-1355-OUTSIDE-6_crop_10.jpg
9,,2,2024-09-10-1355-OUTSIDE-6_crop_11.jpg
21612,21,126,2024-09-10-1355-OUTSIDE-6_crop_12.jpg
640,06,640,2024-09-10-1355-OUTSIDE-6_crop_6.jpg
249,249,249,2024-09-10-1355-OUTSIDE-6_crop_7.jpg
626,6,626,2024-09-10-1355-OUTSIDE-6_crop_8.jpg
17,17,17,2024-09-10-1355-OUTSIDE-6_crop_9.jpg
,,07,2024-09-10-1355-OUTSIDE-8_crop_10.jpg
36,36,36,2024-09-11-1356-INSIDE-15_crop_12.jpg
1639,639,639,2024-09-11-1356-INSIDE-15_crop_13.jpg
524,521,521,2024-09-11-1356-INSIDE-15_crop_15.jpg
03,0,03,2024-09-11-1356-INSIDE-15_crop_16.jpg
121,,210,2024-09-11-1356-INSIDE-15_crop_17.jpg
51843,,588,2024-09-11-1356-INSIDE-15_crop_18.jpg
52,,621,2024-09-11-1356-INSIDE-15_crop_20.jpg
4,,124,2024-09-11-1356-INSIDE-15_crop_21.jpg
9,,,2024-09-11-1356-INSIDE-15_crop_22.jpg
31748,378,378,2024-09-11-1356-INSIDE-15_crop_23.jpg
566,,566,2024-09-11-1356-INSIDE-15_crop_24.jpg
,,69,2024-09-11-1356-INSIDE-15_crop_25.jpg
146,,461,2024-09-11-1356-INSIDE-15_crop_26.jpg
,1,101,2024-09-11-1356-INSIDE-15_crop_27.jpg
6,,651,2024-09-11-1356-INSIDE-15_crop_28.jpg
711,,239,2024-09-11-1356-INSIDE-1_crop_1.jpg
313,319,319,2024-09-11-1356-INSIDE-2_crop_2.jpg
465,455,45,2024-09-11-1356-INSIDE-3 (2)_crop_3.jpg
412,412,412,2024-09-11-1356-INSIDE-3 (2)_crop_4.jpg
133,133,133,2024-09-11-1356-INSIDE-3 (2)_crop_5.jpg
412,412,412,2024-09-11-1356-INSIDE-3 (2)_crop_6.jpg
,,29,2024-09-11-1356-INSIDE-3 (2)_crop_7.jpg
,,576,2024-09-11-1356-INSIDE-3_crop_10.jpg
,,162,2024-09-11-1356-INSIDE-3_crop_3.jpg
,33,392,2024-09-11-1356-INSIDE-3_crop_4.jpg
337,337,337,2024-09-11-1356-INSIDE-3_crop_5.jpg
,162,162,2024-09-11-1356-INSIDE-3_crop_6.jpg
,,12,2024-09-11-1356-INSIDE-3_crop_7.jpg
72,,172,2024-09-11-1356-INSIDE-3_crop_8.jpg
4,,,2024-09-11-1356-INSIDE-3_crop_9.jpg
71,21,121,2024-09-11-1356-INSIDE-4_crop_4.jpg
,,306,2024-09-11-1356-INSIDE-4_crop_5.jpg
,12,122,2024-09-11-1356-INSIDE-4_crop_6.jpg
,,79,2024-09-11-1356-INSIDE-4_crop_7.jpg
7047232,0432,0432,2024-09-11-1356-INSIDE-4_crop_8.jpg
50,5,50,2024-09-11-1356-INSIDE-6 (2)_crop_10.jpg
30,50,50,2024-09-11-1356-INSIDE-6 (2)_crop_11.jpg
1903,103,103,2024-09-11-1356-INSIDE-6 (2)_crop_12.jpg
446,,446,2024-09-11-1356-INSIDE-6 (2)_crop_13.jpg
,,,2024-09-11-1356-INSIDE-6 (2)_crop_14.jpg
41,,,2024-09-11-1356-INSIDE-6 (2)_crop_15.jpg
76,576,576,2024-09-11-1356-INSIDE-6 (2)_crop_6.jpg
225,325,325,2024-09-11-1356-INSIDE-6 (2)_crop_7.jpg
7,1576,576,2024-09-11-1356-INSIDE-6 (2)_crop_8.jpg
4,,334,2024-09-11-1356-INSIDE-6 (2)_crop_9.jpg
295,295,295,2024-09-11-1356-INSIDE-6 (3)_crop_10.jpg
588,588,588,2024-09-11-1356-INSIDE-6 (3)_crop_11.jpg
122,122,122,2024-09-11-1356-INSIDE-6 (3)_crop_12.jpg
2,207,2955,2024-09-11-1356-INSIDE-6 (3)_crop_13.jpg
,90,9,2024-09-11-1356-INSIDE-6 (3)_crop_14.jpg
90,06,90,2024-09-11-1356-INSIDE-6 (3)_crop_15.jpg
122,122,122,2024-09-11-1356-INSIDE-6 (3)_crop_16.jpg
3,,465,2024-09-11-1356-INSIDE-6 (3)_crop_17.jpg
,,1210,2024-09-11-1356-INSIDE-6 (3)_crop_6.jpg
,588,588,2024-09-11-1356-INSIDE-6 (3)_crop_7.jpg
,462,462,2024-09-11-1356-INSIDE-6 (3)_crop_8.jpg
10,210,210,2024-09-11-1356-INSIDE-6 (3)_crop_9.jpg
8,86,86,2024-09-11-1356-INSIDE-6_crop_10.jpg
515,519,519,2024-09-11-1356-INSIDE-6_crop_11.jpg
,,,2024-09-11-1356-INSIDE-6_crop_12.jpg
,,,2024-09-11-1356-INSIDE-6_crop_13.jpg
,,,2024-09-11-1356-INSIDE-6_crop_14.jpg
587,86,86,2024-09-11-1356-INSIDE-6_crop_4.jpg
709,709,709,2024-09-11-1356-INSIDE-6_crop_7.jpg
374,314,314,2024-09-11-1356-INSIDE-6_crop_8.jpg
208,208,208,2024-09-11-1356-INSIDE-6_crop_9.jpg
700,700,700,2024-09-11-1356-INSIDE-8_crop_10.jpg
143,143,143,2024-09-11-1356-INSIDE-8_crop_11.jpg
420,20,420,2024-09-11-1356-INSIDE-8_crop_12.jpg
44,,44,2024-09-11-1356-INSIDE-8_crop_13.jpg
44,44,044,2024-09-11-1356-INSIDE-8_crop_14.jpg
,54,502,2024-09-11-1356-INSIDE-8_crop_15.jpg
,542,542,2024-09-11-1356-INSIDE-8_crop_16.jpg
5,05,05,2024-09-11-1356-INSIDE-8_crop_17.jpg
,0,60,2024-09-11-1356-INSIDE-8_crop_18.jpg
193,143,143,2024-09-11-1356-INSIDE-8_crop_19.jpg
706,700,700,2024-09-11-1356-INSIDE-8_crop_20.jpg
143,143,143,2024-09-11-1356-INSIDE-8_crop_21.jpg
546,,546,2024-09-11-1356-INSIDE-8_crop_22.jpg
,,,2024-09-11-1356-INSIDE-8_crop_23.jpg
,700,1,2024-09-11-1356-INSIDE-8_crop_24.jpg
420,,420,2024-09-11-1356-INSIDE-8_crop_25.jpg
,05,05,2024-09-11-1356-INSIDE-8_crop_8.jpg
,,420,2024-09-11-1356-INSIDE-8_crop_9.jpg
18,18,18,2024-09-11-1356-OUTSIDE-10 (2)_crop_10.jpg
,,126,2024-09-11-1356-OUTSIDE-10 (2)_crop_11.jpg
4,,1640,2024-09-11-1356-OUTSIDE-10 (2)_crop_12.jpg
9555,,255,2024-09-11-1356-OUTSIDE-10 (2)_crop_13.jpg
,560,560,2024-09-11-1356-OUTSIDE-10 (2)_crop_14.jpg
56,56,56,2024-09-11-1356-OUTSIDE-10 (2)_crop_15.jpg
1,,70,2024-09-11-1356-OUTSIDE-10 (2)_crop_16.jpg
,,17,2024-09-11-1356-OUTSIDE-10 (2)_crop_17.jpg
4,,626,2024-09-11-1356-OUTSIDE-10 (2)_crop_19.jpg
,,12,2024-09-11-1356-OUTSIDE-10 (2)_crop_20.jpg
167,,618,2024-09-11-1356-OUTSIDE-10 (2)_crop_21.jpg
2,,249,2024-09-11-1356-OUTSIDE-10 (2)_crop_4.jpg
74,,74,2024-09-11-1356-OUTSIDE-10 (2)_crop_8.jpg
450,50,450,2024-09-11-1356-OUTSIDE-10_crop_10.jpg
,,562,2024-09-11-1356-OUTSIDE-10_crop_11.jpg
157,,57,2024-09-11-1356-OUTSIDE-10_crop_12.jpg
2,,290,2024-09-11-1356-OUTSIDE-10_crop_13.jpg
537,,531,2024-09-11-1356-OUTSIDE-10_crop_14.jpg
2,,02,2024-09-11-1356-OUTSIDE-14_crop_12.jpg
600,500,500,2024-09-11-1356-OUTSIDE-14_crop_15.jpg
176,176,176,2024-09-11-1356-OUTSIDE-2 (2)_crop_2.jpg
,223,223,2024-09-11-1356-OUTSIDE-2_crop_2.jpg
3444,5134,504,2024-09-11-1356-OUTSIDE-2_crop_3.jpg
,,54,2024-09-11-1356-OUTSIDE-2_crop_4.jpg
223,223,223,2024-09-11-1356-OUTSIDE-2_crop_5.jpg
21,241,241,2024-09-11-1356-OUTSIDE-4 (2)_crop_4.jpg
,,344,2024-09-11-1356-OUTSIDE-4 (2)_crop_5.jpg
241,241,5241,2024-09-11-1356-OUTSIDE-4 (2)_crop_6.jpg
60,,50,2024-09-11-1356-OUTSIDE-4 (3)_crop_2.jpg
,,155,2024-09-11-1356-OUTSIDE-4 (3)_crop_3.jpg
50,50,50,2024-09-11-1356-OUTSIDE-4 (3)_crop_4.jpg
55,155,155,2024-09-11-1356-OUTSIDE-4 (3)_crop_5.jpg
,1,531,2024-09-11-1356-OUTSIDE-4_crop_4.jpg
57,57,57,2024-09-11-1356-OUTSIDE-4_crop_5.jpg
,,762,2024-09-11-1356-OUTSIDE-4_crop_6.jpg
290,90,290,2024-09-11-1356-OUTSIDE-4_crop_7.jpg
35,8582,92,2024-09-11-1356-OUTSIDE-4_crop_8.jpg
,,,2024-09-11-1356-OUTSIDE-4_crop_9.jpg
,,626,2024-09-11-1356-OUTSIDE-6_crop_10.jpg
,9,249,2024-09-11-1356-OUTSIDE-6_crop_11.jpg
1,,12064,2024-09-11-1356-OUTSIDE-6_crop_12.jpg
,,20,2024-09-11-1356-OUTSIDE-6_crop_13.jpg
,,1267,2024-09-11-1356-OUTSIDE-6_crop_14.jpg
,,9,2024-09-11-1356-OUTSIDE-6_crop_15.jpg
640,640,640,2024-09-11-1356-OUTSIDE-6_crop_6.jpg
1,,01,2024-09-11-1356-OUTSIDE-6_crop_7.jpg
49,9,249,2024-09-11-1356-OUTSIDE-6_crop_8.jpg
17,17,17,2024-09-11-1356-OUTSIDE-6_crop_9.jpg
1206,,206,2024-09-11-1356-OUTSIDE-7_crop_7.jpg
,,279,2024-09-12-1351-INSIDE-1_crop_1.jpg
57,57,57,2024-09-12-1351-INSIDE-1_crop_3.jpg
7,09,09,2024-09-12-1351-INSIDE-1_crop_5.jpg
